{"cameraMode":{"drawMode":0,"name":"Shaded","section":"Shading Mode"},"sceneLighting":false,"audioPlay":false,"sceneViewState":{"showFog":true,"showMaterialUpdate":false,"showSkybox":false,"showFlares":true,"showImageEffects":true,"showParticleSystems":true},"in2DMode":false,"pivot":{"x":3.040860176086426,"y":-11.150545120239258,"z":56.02309799194336},"rotation":{"x":0.5233205556869507,"y":0.013045407831668854,"z":-0.008014898747205735,"w":0.8520093560218811},"size":13.291047096252442,"orthographic":false}