{"cameraMode":{"drawMode":0,"name":"Shaded","section":"Shading Mode"},"sceneLighting":false,"audioPlay":false,"sceneViewState":{"showFog":true,"showMaterialUpdate":false,"showSkybox":false,"showFlares":true,"showImageEffects":true,"showParticleSystems":true},"in2DMode":false,"pivot":{"x":-15.736576080322266,"y":-14.631629943847657,"z":129.92071533203126},"rotation":{"x":-0.1153266504406929,"y":-0.7092165350914002,"z":0.11941491812467575,"w":-0.6851881742477417},"size":24.98441505432129,"orthographic":false}