{"cameraMode":{"drawMode":0,"name":"Shaded","section":"Shading Mode"},"sceneLighting":false,"audioPlay":false,"sceneViewState":{"showFog":true,"showMaterialUpdate":false,"showSkybox":false,"showFlares":true,"showImageEffects":true,"showParticleSystems":true},"in2DMode":false,"pivot":{"x":-3.928497314453125,"y":-18.76239585876465,"z":-0.09236209094524384},"rotation":{"x":0.3365008533000946,"y":-0.6620926260948181,"z":0.4476129114627838,"w":0.49823302030563357},"size":15.774341583251954,"orthographic":false}